file_name,sequence_length,num_motifs_farfar2,num_motifs_rhofold,num_motifs_alphafold3
URS00002C5007_9606_9-99_RF00053,91,1,1,1
URS000075CAE5_9606_18-105_RF00053,88,1,1,1
URS00004C38BB_9606_16-102_RF00053,87,1,1,1
URS00004E9304_9606_1-64_RF00074,64,1,1,1
URS000075B799_9606_13-78_RF00074,66,1,1,1
URS00001E96DA_9606_6-76_RF00074,71,1,1,1
URS0000150A7D_9606_6-75_RF00074,70,1,1,1
URS00000DD591_9606_28-107_RF00076,80,1,1,1
URS000022682F_9606_11-97_RF00076,87,1,1,1
URS0000394A9E_9606_16-97_RF00076,82,1,1,1
URS000075EF65_9606_25-108_RF00076,84,1,1,1
URS0000530EBF_9606_25-106_RF00076,82,1,1,1
URS000075BF74_9606_5-85_RF00076,81,1,1,1
URS0000447557_9606_5-81_RF00103,77,1,1,1
URS000075CF56_9606_1-71_RF00103,71,1,1,1
URS0000389B41_9606_6-80_RF00103,75,1,1,1
URS0000302909_9606_1-78_RF00129,78,1,1,1
URS000008F0CF_9606_3-80_RF00129,78,1,1,1
URS0000561D92_9606_1-78_RF00129,78,1,1,1
URS000075ED36_9606_1-62_RF00129,62,1,1,1
URS000075D426_9606_1-62_RF00129,62,1,1,1
URS00006ECF62_9606_16-94_RF00130,79,1,1,1
URS00000F31F4_9606_19-92_RF00130,74,1,1,1
URS000043D261_9606_1-71_RF00131,71,1,1,1
URS000036BDAF_9606_1-70_RF00131,70,1,1,1
URS000075C4DE_9606_9-86_RF00131,78,1,1,1
URS00003426E6_9606_10-82_RF00131,73,1,1,1
URS0000137EDE_9606_1-72_RF00131,72,1,1,1
URS000075D43C_9606_9-83_RF00131,75,1,1,1
URS0000759977_9606_1-71_RF00144,71,1,1,1
URS000043F622_9606_21-100_RF00144,80,1,1,1
URS000075E907_9606_16-95_RF00144,80,1,1,1
URS00000FFC8B_9606_5-73_RF00178,69,1,1,1
URS00003A9237_9606_1-68_RF00178,68,1,1,1
URS00003FA6CD_9606_7-82_RF00237,76,1,1,1
URS000075C54E_9606_7-84_RF00237,78,1,1,1
URS00005D97FE_9606_7-84_RF00237,78,1,1,1
URS000075EDDE_9606_8-79_RF00239,72,1,1,1
URS000075A939_9606_7-79_RF00239,73,1,1,1
URS000023AB58_9606_19-88_RF00239,70,1,1,1
URS000075ECD7_9606_12-84_RF00241,73,1,1,1
URS000075A884_9606_11-79_RF00241,69,1,1,1
URS000075C8DF_9606_16-82_RF00241,67,1,1,1
URS0000171525_9606_1-68_RF00241,68,1,1,1
URS000075B715_9606_10-76_RF00241,67,1,1,1
URS000023C301_9606_1-77_RF00244,77,1,1,1
URS000075C1BF_9606_3-81_RF00244,79,1,1,1
URS000075C05A_9606_1-77_RF00244,77,1,1,1
URS00003BACA4_9606_6-84_RF00245,79,1,1,1
URS0000204276_9606_9-92_RF00245,84,1,1,1
URS0000539083_9606_4-79_RF00245,76,1,1,1
URS00005675D3_9606_3-88_RF00246,86,1,1,1
URS00000A7BEB_9606_9-93_RF00246,85,1,1,1
URS0000759E75_9606_2-88_RF00246,87,1,1,1
URS00004C7B32_9606_1-68_RF00248,68,1,1,1
URS000075C16C_9606_17-90_RF00248,74,1,1,1
URS00006A0932_9606_8-81_RF00248,74,1,1,1
URS0000173F7B_9606_13-89_RF00251,77,1,1,1
URS000075EAD8_9606_6-84_RF00251,79,1,1,1
URS000075B0B0_9606_11-89_RF00251,79,1,1,1
URS000075A0E6_9606_3-77_RF00253,75,1,1,1
URS0000370AC5_9606_1-75_RF00253,75,1,1,1
URS00003735F0_9606_15-97_RF00255,83,1,1,1
URS0000332092_9606_15-96_RF00255,82,1,1,1
URS00000D6378_9606_16-90_RF00256,75,1,1,1
URS000075D019_9606_6-79_RF00256,74,1,1,1
URS000014C145_9606_1-70_RF00256,70,1,1,1
URS00002D5B50_9606_2-84_RF00257,83,1,1,1
URS0000759DC6_9606_1-82_RF00257,82,1,1,1
URS00005EB596_9606_9-80_RF00446,72,1,1,1
URS000075E14C_9606_15-86_RF00446,72,1,1,1
URS000075DAC1_9606_21-93_RF00446,73,1,1,1
URS000075E7C8_9606_6-72_RF00456,67,1,1,1
URS0000699DB3_9606_7-77_RF00456,71,1,1,1
URS000033F823_9606_15-91_RF00456,77,1,1,1
URS00006C1198_9606_1-83_RF00639,83,1,1,1
URS00006B3851_9606_1-84_RF00639,84,1,1,1
URS00006656A0_9606_1-88_RF00639,88,1,1,1
URS000068CB78_9606_1-90_RF00639,90,1,1,1
URS00006B6CC5_9606_1-88_RF00639,88,1,1,1
URS00006EE977_9606_1-87_RF00639,87,1,1,1
URS00006C1AF2_9606_1-87_RF00639,87,1,1,1
URS000075C4A5_9606_1-67_RF00639,67,1,1,1
URS0000759A4A_9606_6-90_RF00639,85,1,1,1
URS000072A937_9606_1-87_RF00639,87,1,1,1
URS0000759D0E_9606_1-61_RF00639,61,1,1,1
URS00006F562E_9606_1-87_RF00639,87,1,1,1
URS000075D282_9606_1-83_RF00639,83,1,1,1
URS00006D6272_9606_1-85_RF00639,85,1,1,1
URS00006ACABB_9606_1-90_RF00639,90,1,1,1
URS000075D745_9606_1-65_RF00639,65,1,1,1
URS000062C88B_9606_1-90_RF00639,90,1,1,1
URS00006DFB5F_9606_1-90_RF00639,90,1,1,1
URS00006D6710_9606_1-87_RF00639,87,1,1,1
URS000075EA92_9606_1-81_RF00639,81,1,1,1
URS0000007095_9606_1-87_RF00639,87,1,1,1
URS000075A42F_9606_1-85_RF00639,85,1,1,1
URS000068F03F_9606_1-87_RF00639,87,1,1,1
URS000062EA49_9606_1-87_RF00639,87,1,1,1
URS000075B0D5_9606_1-85_RF00639,85,1,1,1
URS0000651BF7_9606_1-88_RF00639,88,1,1,1
URS0000680AAF_9606_1-87_RF00639,87,1,1,1
URS000075A310_9606_1-83_RF00639,83,1,1,1
URS00006DAC3B_9606_1-87_RF00639,87,1,1,1
URS000075EEDB_9606_10-96_RF00639,87,1,1,1
URS000075D78D_9606_1-85_RF00639,85,1,1,1
URS000075E848_9606_1-85_RF00639,85,1,1,1
URS000063B6CA_9606_1-87_RF00639,87,1,1,1
URS0000670A47_9606_1-87_RF00639,87,1,1,1
URS00007131A1_9606_1-87_RF00639,87,1,1,1
URS00006A9A0F_9606_1-87_RF00639,87,1,1,1
URS0000724CB9_9606_1-85_RF00639,85,1,1,1
URS0000647988_9606_1-87_RF00639,87,1,1,1
URS00006512AF_9606_1-85_RF00639,85,1,1,1
URS000075BC4A_9606_1-86_RF00639,86,1,1,1
URS000075C919_9606_1-86_RF00639,86,1,1,1
URS000075AB81_9606_2-82_RF00641,81,1,1,1
URS000075B679_9606_1-82_RF00641,82,1,1,1
URS00003AF18B_9606_2-83_RF00641,82,1,1,1
URS00006A5ABA_9606_1-81_RF00641,81,1,1,1
URS000075D97A_9606_1-81_RF00641,81,1,1,1
URS000075A1A8_9606_1-75_RF00641,75,1,1,1
URS000075B319_9606_3-84_RF00641,82,1,1,1
URS000075CEFC_9606_3-84_RF00641,82,1,1,1
URS000075AF10_9606_1-69_RF00641,69,1,1,1
URS0000759CA5_9606_1-78_RF00641,78,1,1,1
URS000075B3AB_9606_11-92_RF00641,82,1,1,1
URS000075ABA3_9606_1-76_RF00641,76,1,1,1
URS000070BFF5_9606_1-80_RF00641,80,1,1,1
URS000075E150_9606_2-83_RF00641,82,1,1,1
URS000075D5A7_9606_1-70_RF00641,70,1,1,1
URS0000717C38_9606_1-80_RF00641,80,1,1,1
URS000075BE7B_9606_9-89_RF00641,81,1,1,1
URS000075B5E4_9606_1-74_RF00641,74,1,1,1
URS0000759A5D_9606_1-79_RF00641,79,1,1,1
URS0000283D0A_9606_13-86_RF00642,74,1,1,1
URS00001CC864_9606_1-73_RF00642,73,1,1,1
URS0000233054_9606_1-78_RF00644,78,1,1,1
URS000075B0A5_9606_10-88_RF00644,79,1,1,1
URS000039AE8A_9606_18-107_RF00646,90,1,1,1
URS000075B6A0_9606_11-98_RF00646,88,1,1,1
URS000046FA49_9606_2-84_RF00649,83,1,1,1
URS00002D9CBA_9606_2-82_RF00649,81,1,1,1
URS0000111CD2_9606_10-81_RF00650,72,1,1,1
URS000040ABF2_9606_8-80_RF00650,73,1,1,1
URS0000245997_9606_15-98_RF00651,84,1,1,1
URS000075C381_9606_20-103_RF00651,84,1,1,1
URS00003A4D14_9606_1-84_RF00653,84,1,1,1
URS000013ABA3_9606_11-86_RF00654,76,1,1,1
URS000075EC67_9606_3-78_RF00654,76,1,1,1
URS00002ECE14_9606_4-72_RF00655,69,1,1,1
URS000048B329_9606_5-82_RF00655,78,1,1,1
URS0000016914_9606_26-99_RF00656,74,1,1,1
URS000032015F_9606_1-84_RF00657,84,1,1,1
URS00000AF93C_9606_1-72_RF00658,72,1,1,1
URS000075A669_9606_2-87_RF00659,86,1,1,1
URS000075E397_9606_15-99_RF00659,85,1,1,1
URS0000160683_9606_6-109_RF00660,104,1,1,1
URS000075DDE6_9606_1-81_RF00660,81,1,1,1
URS00001F4E81_9606_13-90_RF00662,78,1,1,1
URS00003AD7BA_9606_21-102_RF00662,82,1,1,1
URS00005BBC98_9606_20-93_RF00663,74,1,1,1
URS000037EC34_9606_2-107_RF00664,106,1,1,1
URS000075E7B1_9606_1-67_RF00665,67,1,1,1
URS000075DDDA_9606_2-66_RF00665,65,1,1,1
URS000075E430_9606_1-67_RF00665,67,1,1,1
URS0000472EB8_9606_1-70_RF00666,70,1,1,1
URS00000CBE63_9606_1-69_RF00667,69,1,1,1
URS000075D54F_9606_11-77_RF00667,67,1,1,1
URS0000689179_9606_1-69_RF00668,69,1,1,1
URS000071C6FC_9606_1-68_RF00668,68,1,1,1
URS00006BBE85_9606_1-68_RF00668,68,1,1,1
URS0000759FEB_9606_6-72_RF00668,67,1,1,1
URS000075C007_9606_1-51_RF00668,51,1,1,1
URS00004E4AD0_9606_1-78_RF00669,78,1,1,1
URS0000638811_9606_1-81_RF00670,81,1,1,1
URS00004C3DB1_9606_1-81_RF00670,81,1,1,1
URS000075BD79_9606_17-87_RF00671,71,1,1,1
URS000075A54D_9606_4-81_RF00671,78,1,1,1
URS00004719AB_9606_6-80_RF00672,75,1,1,1
URS000075AE48_9606_2-77_RF00672,76,1,1,1
URS0000060B2B_9606_16-108_RF00673,93,1,1,1
URS00005677F7_9606_21-101_RF00674,81,1,1,1
URS00004F4657_9606_2-87_RF00675,86,1,1,1
URS0000007340_9606_1-97_RF00676,97,1,1,1
URS00005471BA_9606_13-91_RF00678,79,1,1,1
URS0000184017_9606_1-81_RF00680,81,1,1,1
URS0000471A62_9606_1-62_RF00681,62,1,1,1
URS000075BB92_9606_5-82_RF00682,78,1,1,1
URS0000008A99_9606_12-95_RF00683,84,1,1,1
URS000075E935_9606_7-79_RF00684,73,1,1,1
URS000075E706_9606_1-67_RF00686,67,1,1,1
URS00002130B2_9606_1-82_RF00687,82,1,1,1
URS000075BC4D_9606_1-78_RF00693,78,1,1,1
URS00006A0D68_9606_1-72_RF00693,72,1,1,1
URS000075A4FB_9606_16-86_RF00694,71,1,1,1
URS000075ACBD_9606_14-93_RF00696,80,1,1,1
URS000075A5EE_9606_3-82_RF00696,80,1,1,1
URS000059EAAC_9606_2-83_RF00697,82,1,1,1
URS000075EA26_9606_1-84_RF00698,84,1,1,1
URS0000589AA3_9606_1-73_RF00699,73,1,1,1
URS000075BCF9_9606_1-64_RF00700,64,1,1,1
URS0000759B6D_9606_7-79_RF00701,73,1,1,1
URS000075B66E_9606_16-92_RF00702,77,1,1,1
URS0000306C33_9606_1-68_RF00703,68,1,1,1
URS000075BC7D_9606_18-93_RF00705,76,1,1,1
URS00000F4AC3_9606_1-75_RF00707,75,1,1,1
URS000075F0A5_9606_13-90_RF00708,78,1,1,1
URS000075C453_9606_1-78_RF00708,78,1,1,1
URS000072EA17_9606_8-85_RF00708,78,1,1,1
URS000075AC6B_9606_2-85_RF00709,84,1,1,1
URS000075B9B1_9606_2-87_RF00711,86,1,1,1
URS00006A0D74_9606_2-89_RF00711,88,1,1,1
URS000075D49E_9606_4-87_RF00711,84,1,1,1
URS00004A6370_9606_1-73_RF00715,73,1,1,1
URS000067427D_9606_8-93_RF00718,86,1,1,1
URS00006A8564_9606_1-95_RF00719,95,1,1,1
URS000068196F_9606_2-72_RF00722,71,1,1,1
URS000075A016_9606_1-68_RF00722,68,1,1,1
URS00006EA8E0_9606_1-111_RF00723,111,1,1,1
URS000062749E_9606_1-65_RF00731,65,1,1,1
URS00006F0310_9606_1-79_RF00733,79,1,1,1
URS0000718CB7_9606_1-68_RF00735,68,1,1,1
URS0000D55CCB_9606_10-62_RF00736,53,1,1,1
URS0000D549F0_9606_13-60_RF00736,48,1,1,1
URS0000D5539B_9606_12-61_RF00736,50,1,1,1
URS0000D561AB_9606_13-60_RF00736,48,1,1,1
URS0000D53E88_9606_1-72_RF00736,72,1,1,1
URS0000D560F4_9606_1-72_RF00736,72,1,1,1
URS0000D55D69_9606_1-72_RF00736,72,1,1,1
URS0000D546CC_9606_1-71_RF00736,71,1,1,1
URS000075BC52_9606_1-84_RF00737,84,1,1,1
URS000075B235_9606_1-75_RF00740,75,1,1,1
URS000064F901_9606_1-72_RF00744,72,1,1,1
URS0000759CC2_9606_20-98_RF00745,79,1,1,1
URS000070F95C_9606_2-103_RF00746,102,1,1,1
URS0000688CFC_9606_1-93_RF00748,93,1,1,1
URS0000759A9B_9606_1-71_RF00749,71,1,1,1
URS000075DEE7_9606_1-77_RF00749,77,1,1,1
URS00006588D4_9606_1-71_RF00753,71,1,1,1
URS000075B0FE_9606_5-84_RF00755,80,1,1,1
URS0000656761_9606_1-63_RF00756,63,1,1,1
URS000075B886_9606_1-95_RF00758,95,1,1,1
URS000071B780_9606_1-99_RF00760,99,1,1,1
URS000075C604_9606_1-95_RF00761,95,1,1,1
URS00006FAA35_9606_4-91_RF00762,88,1,1,1
URS000075B703_9606_1-92_RF00763,92,1,1,1
URS000075BBD9_9606_2-92_RF00764,91,1,1,1
URS000075CFEA_9606_1-93_RF00765,93,1,1,1
URS000063D0D0_9606_3-94_RF00766,92,1,1,1
URS00006B7D0F_9606_3-82_RF00767,80,1,1,1
URS0000642F53_9606_1-92_RF00769,92,1,1,1
URS000075A0E5_9606_1-94_RF00770,94,1,1,1
URS000075D261_9606_2-80_RF00771,79,1,1,1
URS000075CB46_9606_1-75_RF00772,75,1,1,1
URS000069C337_9606_1-85_RF00773,85,1,1,1
URS00006284D8_9606_1-87_RF00775,87,1,1,1
URS000075BC5F_9606_1-84_RF00777,84,1,1,1
URS000072D134_9606_1-83_RF00781,83,1,1,1
URS00005651EE_9606_5-71_RF00783,67,1,1,1
URS000071BDB0_9606_1-68_RF00784,68,1,1,1
URS000075EE0E_9606_1-64_RF00784,64,1,1,1
URS00006E154A_9606_18-112_RF00792,95,1,1,1
URS000062BB4A_9606_11-95_RF00793,85,1,1,1
URS000075EE47_9606_2-86_RF00803,85,1,1,1
URS000071F654_9606_1-86_RF00829,86,1,1,1
URS00006BFE9D_9606_1-85_RF00839,85,1,1,1
URS000070E91B_9606_1-88_RF00841,88,1,1,1
URS000072C8C2_9606_1-83_RF00861,83,1,1,1
URS0000698489_9606_1-84_RF00862,84,1,1,1
URS000075B951_9606_5-85_RF00870,81,1,1,1
URS000063C71D_9606_10-91_RF00872,82,1,1,1
URS000070ACB1_9606_9-93_RF00873,85,1,1,1
URS000075BC21_9606_8-92_RF00873,85,1,1,1
URS0000652210_9606_9-93_RF00873,85,1,1,1
URS000075CDE4_9606_4-88_RF00873,85,1,1,1
URS000075C83D_9606_4-88_RF00873,85,1,1,1
URS000075E152_9606_1-88_RF00877,88,1,1,1
URS000070789A_9606_6-90_RF00879,85,1,1,1
URS000070FC11_9606_1-94_RF00887,94,1,1,1
URS000075BA84_9606_9-91_RF00888,83,1,1,1
URS00006F5B1B_9606_1-66_RF00890,66,1,1,1
URS000075DC96_9606_16-99_RF00891,84,1,1,1
URS000075D680_9606_14-87_RF00892,74,1,1,1
URS000075E701_9606_14-87_RF00892,74,1,1,1
URS0000691556_9606_1-73_RF00897,73,1,1,1
URS00007B5D6A_9606_1-72_RF00907,72,1,1,1
URS00007B97D3_9606_1-72_RF00907,72,1,1,1
URS0000209F04_9606_1-77_RF00910,77,1,1,1
URS00006A5378_9606_1-86_RF00912,86,1,1,1
URS000075ABEC_9606_1-80_RF00915,80,1,1,1
URS000062A2F0_9606_1-88_RF00917,88,1,1,1
URS000036AFF1_9606_1-78_RF00919,78,1,1,1
URS000075CD82_9606_1-72_RF00921,72,1,1,1
URS000068CA2F_9606_5-87_RF00927,83,1,1,1
URS00004AE041_9606_2-87_RF00928,86,1,1,1
URS000065D4D7_9606_2-73_RF00933,72,1,1,1
URS000006DA05_9606_1-81_RF00935,81,1,1,1
URS00000EC1BE_9606_1-96_RF00936,96,1,1,1
URS00006F04EF_9606_6-81_RF00937,76,1,1,1
URS00006F1C02_9606_3-80_RF00939,78,1,1,1
URS00006378D3_9606_1-85_RF00942,85,1,1,1
URS000064B9B1_9606_1-75_RF00945,75,1,1,1
URS00006DAE80_9606_1-90_RF00946,90,1,1,1
URS000075CEFF_9606_1-91_RF00952,91,1,1,1
URS00006C7250_9606_21-105_RF00958,85,1,1,1
URS00006E8395_9606_7-92_RF00959,86,1,1,1
URS00001C4680_9606_6-89_RF00960,84,1,1,1
URS000070DF56_9606_1-89_RF00961,89,1,1,1
URS0000652679_9606_1-87_RF00962,87,1,1,1
URS000069A81A_9606_2-84_RF00963,83,1,1,1
URS000075E432_9606_1-77_RF00963,77,1,1,1
URS00006DA7A7_9606_1-81_RF00964,81,1,1,1
URS00006468AB_9606_18-89_RF00965,72,1,1,1
URS000075F10F_9606_1-67_RF00966,67,1,1,1
URS000071745D_9606_11-94_RF00968,84,1,1,1
URS00006C3A3C_9606_1-88_RF00969,88,1,1,1
URS000063524F_9606_7-90_RF00970,84,1,1,1
URS000064EB09_9606_10-93_RF00971,84,1,1,1
URS0000651B6D_9606_2-87_RF00972,86,1,1,1
URS000072B4C8_9606_1-97_RF00973,97,1,1,1
URS0000722917_9606_5-95_RF00974,91,1,1,1
URS00006FBE08_9606_14-75_RF00976,62,1,1,1
URS0000759FE6_9606_14-93_RF00977,80,1,1,1
URS0000668846_9606_8-100_RF00978,93,1,1,1
URS0000707BB9_9606_7-68_RF00979,62,1,1,1
URS00006D5889_9606_9-93_RF00980,85,1,1,1
URS000069D7BD_9606_1-82_RF00981,82,1,1,1
URS00006BFF14_9606_8-89_RF00983,82,1,1,1
URS000063C5C4_9606_1-90_RF00984,90,1,1,1
URS0000666A9B_9606_1-89_RF00985,89,1,1,1
URS000067E0B9_9606_1-74_RF00986,74,1,1,1
URS000064C5B0_9606_4-99_RF00987,96,1,1,1
URS000070FFCE_9606_12-97_RF00988,86,1,1,1
URS0000476A52_9606_23-97_RF00989,75,1,1,1
URS000071CA95_9606_11-93_RF00990,83,1,1,1
URS0000728487_9606_8-95_RF00991,88,1,1,1
URS000052FD62_9606_1-100_RF00992,100,1,1,1
URS000075C3F5_9606_22-94_RF00994,73,1,1,1
URS000075CA6D_9606_1-67_RF00994,67,1,1,1
URS000075C0B5_9606_1-63_RF00994,63,1,1,1
URS00006DC233_9606_1-90_RF00995,90,1,1,1
URS000065B212_9606_3-75_RF00996,73,1,1,1
URS0000712C24_9606_1-86_RF00997,86,1,1,1
URS000075A7C1_9606_7-95_RF00998,89,1,1,1
URS00006C1626_9606_1-51_RF00999,51,1,1,1
URS00006315BE_9606_5-97_RF01000,93,1,1,1
URS00006E8036_9606_1-92_RF01001,92,1,1,1
URS00006D1120_9606_1-98_RF01002,98,1,1,1
URS000070CB5A_9606_11-79_RF01003,69,1,1,1
URS000075A6B8_9606_22-90_RF01004,69,1,1,1
URS0000725398_9606_9-79_RF01006,71,1,1,1
URS00006A55B0_9606_1-86_RF01007,86,1,1,1
URS000062E57E_9606_1-96_RF01008,96,1,1,1
URS00006AADFA_9606_6-89_RF01010,84,1,1,1
URS000075ABF4_9606_2-83_RF01011,82,1,1,1
URS000050D31F_9606_14-90_RF01012,77,1,1,1
URS00006D03D5_9606_1-86_RF01013,86,1,1,1
URS000075B769_9606_8-79_RF01014,72,1,1,1
URS0000726DE7_9606_1-74_RF01015,74,1,1,1
URS0000685928_9606_1-95_RF01018,95,1,1,1
URS0000718B2A_9606_1-81_RF01019,81,1,1,1
URS000075C548_9606_6-95_RF01020,90,1,1,1
URS00006DB970_9606_16-85_RF01021,70,1,1,1
URS0000643E32_9606_3-67_RF01022,65,1,1,1
URS0000699E19_9606_1-94_RF01023,94,1,1,1
URS0000663F9C_9606_1-88_RF01024,88,1,1,1
URS00006AA21F_9606_1-83_RF01025,83,1,1,1
URS000068E793_9606_1-114_RF01027,114,1,1,1
URS0000678203_9606_12-96_RF01028,85,1,1,1
URS00006DE1AC_9606_5-97_RF01029,93,1,1,1
URS000067E604_9606_1-85_RF01030,85,1,1,1
URS00006BE831_9606_1-98_RF01031,98,1,1,1
URS0000626340_9606_1-91_RF01032,91,1,1,1
URS000075ED21_9606_12-97_RF01033,86,1,1,1
URS000075D4B4_9606_1-95_RF01034,95,1,1,1
URS000062DC91_9606_1-78_RF01035,78,1,1,1
URS00006CB61F_9606_9-78_RF01036,70,1,1,1
URS000067B227_9606_17-89_RF01037,73,1,1,1
URS000075BD54_9606_26-115_RF01038,90,1,1,1
URS0000662FC3_9606_1-86_RF01039,86,1,1,1
URS00006A04D9_9606_9-88_RF01040,80,1,1,1
URS0000664FAA_9606_5-90_RF01041,86,1,1,1
URS0000676F0F_9606_1-79_RF01042,79,1,1,1
URS00006497FB_9606_1-79_RF01042,79,1,1,1
URS000075E1CD_9606_2-92_RF01044,91,1,1,1
URS0000674174_9606_7-90_RF01045,84,1,1,1
URS000075E1F0_9606_1-78_RF01045,78,1,1,1
URS0000669010_9606_14-93_RF01059,80,1,1,1
URS00006DE17B_9606_1-88_RF01314,88,1,1,1
URS000075EC4B_9606_12-83_RF01895,72,1,1,1
URS000075BAEB_9606_5-79_RF01895,75,1,1,1
URS000075AE07_9606_3-86_RF01896,84,1,1,1
URS0000221C26_9606_2-85_RF01897,84,1,1,1
URS000075E6A6_9606_1-75_RF01898,75,1,1,1
URS000075A647_9606_2-85_RF01903,84,1,1,1
URS000075D7AB_9606_1-84_RF01903,84,1,1,1
URS000075AD0A_9606_1-79_RF01903,79,1,1,1
URS000075E243_9606_1-84_RF01903,84,1,1,1
URS000075BEA3_9606_1-66_RF01918,66,1,1,1
URS000075B1C9_9606_1-85_RF01920,85,1,1,1
URS000075CA1B_9606_4-90_RF01921,87,1,1,1
URS000075B509_9606_1-81_RF01922,81,1,1,1
URS000075B4E6_9606_1-69_RF01923,69,1,1,1
URS000075C678_9606_2-67_RF01938,66,1,1,1
URS000075F0EC_9606_1-59_RF01939,59,1,1,1
URS0000708133_9606_5-98_RF02006,94,1,1,1
URS000063ACDB_9606_1-102_RF02007,102,1,1,1
URS00006D8030_9606_10-92_RF02008,83,1,1,1
URS000075D20A_9606_3-94_RF02010,92,1,1,1
URS000075A4D6_9606_1-88_RF02010,88,1,1,1
URS000064FA6C_9606_4-82_RF02011,79,1,1,1
URS000075AF6E_9606_1-91_RF02014,91,1,1,1
URS000072632B_9606_1-88_RF02015,88,1,1,1
URS00006E1030_9606_1-89_RF02016,89,1,1,1
URS0000638502_9606_1-77_RF02017,77,1,1,1
URS000063AB20_9606_1-87_RF02018,87,1,1,1
URS00006A766D_9606_2-83_RF02019,82,1,1,1
URS00000C85B2_9606_1-84_RF02020,84,1,1,1
URS00006C1415_9606_1-78_RF02022,78,1,1,1
URS00006A01F2_9606_1-73_RF02023,73,1,1,1
URS0000657D34_9606_1-68_RF02024,68,1,1,1
URS0000626831_9606_1-66_RF02028,66,1,1,1
URS000075DFE1_9606_1-92_RF03173,92,1,1,1
URS000075DD15_9606_1-74_RF03174,74,1,1,1
URS000075CD1B_9606_1-81_RF03178,81,1,1,1
URS000075C9F5_9606_1-96_RF03179,96,1,1,1
URS000075DA6A_9606_1-74_RF03180,74,1,1,1
URS000075AF0B_9606_4-107_RF03184,104,1,1,1
URS000075EE94_9606_1-55_RF03185,55,1,1,1
URS000075A760_9606_64-135_RF03186,72,1,1,1
URS0000759F6E_9606_1-66_RF03186,66,1,1,1
URS000075D8AE_9606_4-75_RF03186,72,1,1,1
URS000075B954_9606_1-72_RF03186,72,1,1,1
URS000075E296_9606_1-72_RF03186,72,1,1,1
URS000075AD1D_9606_2-73_RF03186,72,1,1,1
URS000075D987_9606_4-75_RF03186,72,1,1,1
URS000075C72C_9606_1-80_RF03191,80,1,1,1
URS000075A572_9606_6-67_RF03192,62,1,1,1
URS0000759D3E_9606_1-128_RF03194,128,1,1,1
URS000075EA68_9606_8-99_RF03195,92,1,1,1
URS000075F119_9606_1-63_RF03196,63,1,1,1
URS000075D960_9606_1-82_RF03201,82,1,1,1
URS000075E19D_9606_1-89_RF03202,89,1,1,1
URS000075A1B3_9606_1-68_RF03204,68,1,1,1
URS000075CBCF_9606_4-73_RF03207,70,1,1,1
URS000075D819_9606_19-99_RF03214,81,1,1,1
URS000075A4F3_9606_15-73_RF03217,59,1,1,1
URS000075B5BC_9606_2-86_RF03219,85,1,1,1
URS000075D043_9606_13-69_RF03221,57,1,1,1
URS000075E3E3_9606_1-57_RF03228,57,1,1,1
URS000075A88C_9606_1-77_RF03229,77,1,1,1
URS000075DC7D_9606_1-69_RF03231,69,1,1,1
URS000075E581_9606_2-59_RF03236,58,1,1,1
URS000075B320_9606_1-75_RF03244,75,1,1,1
URS000075D73A_9606_1-91_RF03247,91,1,1,1
URS000075C62B_9606_1-80_RF03249,80,1,1,1
URS000075A805_9606_1-67_RF03251,67,1,1,1
URS000075A269_9606_1-76_RF03253,76,1,1,1
URS000075C8A9_9606_1-76_RF03256,76,1,1,1
URS000075F116_9606_1-68_RF03257,68,1,1,1
URS000075EF45_9606_1-81_RF03262,81,1,1,1
URS000075AEA1_9606_10-86_RF03267,77,1,1,1
URS000075AC24_9606_12-70_RF03268,59,1,1,1
URS000075DD5F_9606_12-69_RF03269,58,1,1,1
URS000075C329_9606_31-104_RF03271,74,1,1,1
URS000075A0EE_9606_1-83_RF03274,83,1,1,1
URS000075C2A9_9606_1-78_RF03279,78,1,1,1
URS000075AC80_9606_5-77_RF03281,73,1,1,1
URS0000759B97_9606_1-84_RF03284,84,1,1,1
URS000075A5C3_9606_5-86_RF03285,82,1,1,1
URS000075B1EF_9606_1-63_RF03289,63,1,1,1
URS000075D670_9606_9-83_RF03291,75,1,1,1
URS000075BFF2_9606_1-80_RF03292,80,1,1,1
URS000075BBED_9606_1-81_RF03293,81,1,1,1
URS000075B350_9606_1-62_RF03298,62,1,1,1
URS000075CD65_9606_1-79_RF03300,79,1,1,1
URS000075BF1B_9606_1-84_RF03301,84,1,1,1
URS000075BC87_9606_5-108_RF03302,104,1,1,1
URS000075D365_9606_1-83_RF03306,83,1,1,1
URS000075E057_9606_2-53_RF03307,52,1,1,1
URS000075EF37_9606_1-84_RF03309,84,1,1,1
URS000075CE25_9606_1-86_RF03313,86,1,1,1
URS000075C0B7_9606_3-75_RF03314,73,1,1,1
URS000075A6CB_9606_1-84_RF03316,84,1,1,1
URS000075BBF3_9606_2-87_RF03323,86,1,1,1
URS000075C2CE_9606_2-75_RF03324,74,1,1,1
URS000075C31A_9606_1-82_RF03327,82,1,1,1
URS000075AF3B_9606_1-84_RF03328,84,1,1,1
URS000075A2DF_9606_1-69_RF03329,69,1,1,1
URS000075B7CC_9606_1-69_RF03336,69,1,1,1
URS000075D860_9606_4-71_RF03337,68,1,1,1
URS000075BCEB_9606_1-67_RF03340,67,1,1,1
URS000075D50D_9606_10-76_RF03340,67,1,1,1
URS000079AEF9_9606_5-71_RF03340,67,1,1,1
URS000075CD07_9606_1-94_RF03341,94,1,1,1
URS000075C6C0_9606_1-76_RF03349,76,1,1,1
URS000075D27E_9606_1-79_RF03356,79,1,1,1
URS000075DE74_9606_10-97_RF03358,88,1,1,1
URS000075D876_9606_1-77_RF03360,77,1,1,1
URS000075C752_9606_1-77_RF03360,77,1,1,1
URS000075B4BC_9606_1-75_RF03360,75,1,1,1
URS000075A0FD_9606_1-78_RF03361,78,1,1,1
URS000075D3F4_9606_1-92_RF03363,92,1,1,1
URS000075C764_9606_1-102_RF03365,102,1,1,1
URS000075D748_9606_1-73_RF03366,73,1,1,1
URS000075C5DF_9606_1-80_RF03371,80,1,1,1
URS000075EDB0_9606_1-77_RF03373,77,1,1,1
URS000075D106_9606_1-66_RF03379,66,1,1,1
URS000075CD0C_9606_5-96_RF03382,92,1,1,1
URS000075E8FF_9606_1-52_RF03383,52,1,1,1
URS000075BC23_9606_11-90_RF03385,80,1,1,1
URS000075993E_9606_1-87_RF03389,87,1,1,1
URS000075C40E_9606_3-83_RF03391,81,1,1,1
URS000075CCF9_9606_7-90_RF03392,84,1,1,1
URS000075EB45_9606_1-64_RF03395,64,1,1,1
URS000075B58C_9606_1-73_RF03401,73,1,1,1
URS000075BA87_9606_3-106_RF03404,104,1,1,1
URS000075CE96_9606_1-85_RF03405,85,1,1,1
URS000075CDB8_9606_5-90_RF03409,86,1,1,1
URS000075C681_9606_3-75_RF03412,73,1,1,1
URS000075B3C7_9606_5-94_RF03414,90,1,1,1
URS000075A8F7_9606_1-80_RF03418,80,1,1,1
URS000075E563_9606_1-80_RF03418,80,1,1,1
URS000075A6E3_9606_1-76_RF03420,76,1,1,1
URS000075AC40_9606_1-90_RF03422,90,1,1,1
URS000075B145_9606_1-66_RF03425,66,1,1,1
URS000075E3DB_9606_16-133_RF03426,118,1,1,1
URS000075A660_9606_23-109_RF03428,87,1,1,1
URS000075B8AC_9606_1-66_RF03429,66,1,1,1
URS000075BEF9_9606_1-53_RF03431,53,1,1,1
URS000075AC0B_9606_1-73_RF03434,73,1,1,1
URS000075BF88_9606_2-90_RF03436,89,1,1,1
URS0000759E16_9606_1-84_RF03437,84,1,1,1
URS000075EF41_9606_1-87_RF03441,87,1,1,1
URS000075A358_9606_8-92_RF03447,85,1,1,1
URS000075A98A_9606_1-105_RF03448,105,1,1,1
URS000075C11D_9606_5-59_RF03449,55,1,1,1
URS000075E5AE_9606_1-85_RF03451,85,1,1,1
URS000075D174_9606_1-77_RF03452,77,1,1,1
URS0000759940_9606_1-82_RF03453,82,1,1,1
URS000075DCBB_9606_1-78_RF03454,78,1,1,1
URS000075ADF2_9606_3-110_RF03458,108,1,1,1
URS000075C677_9606_13-93_RF03460,81,1,1,1
URS000075ABD7_9606_13-71_RF03462,59,1,1,1
URS000075A55D_9606_1-99_RF03466,99,1,1,1
URS000075A3C1_9606_3-84_RF03469,82,1,1,1
URS000075E6ED_9606_5-89_RF03470,85,1,1,1
URS000075BF27_9606_6-92_RF03472,87,1,1,1
URS000075B16D_9606_12-67_RF03474,56,1,1,1
URS000075A45A_9606_12-87_RF03478,76,1,1,1
URS000075CFD7_9606_1-83_RF03479,83,1,1,1
URS000075AFA3_9606_12-103_RF03480,92,1,1,1
URS000075A2B9_9606_1-76_RF03482,76,1,1,1
URS000075BFE0_9606_8-99_RF03486,92,1,1,1
URS000075CEC2_9606_1-80_RF03487,80,1,1,1
URS000075A67E_9606_1-81_RF03489,81,1,1,1
URS000075BE4B_9606_1-79_RF03491,79,1,1,1
URS000075DF7B_9606_1-54_RF03493,54,1,1,1
URS000075B9E0_9606_1-66_RF03494,66,1,1,1
URS000075B68C_9606_1-82_RF03498,82,1,1,1
URS000075B14C_9606_1-91_RF03500,91,1,1,1
URS000075E6D4_9606_1-90_RF03501,90,1,1,1
URS000075A6FE_9606_1-80_RF03502,80,1,1,1
URS000075E1D5_9606_13-86_RF03506,74,1,1,1
URS000075EB92_9606_1-73_RF03507,73,1,1,1
URS000075EFF1_9606_1-74_RF03509,74,1,1,1
URS000075DE65_9606_10-91_RF03510,82,1,1,1
URS000075CA59_9606_34-97_RF03514,64,1,1,1
URS000075BD51_9606_1-100_RF03521,100,1,1,1
URS000075B9CF_9606_11-71_RF03523,61,1,1,1
URS000075DEEE_9606_1-87_RF03524,87,1,1,1
URS000075B394_9606_2-83_RF03525,82,1,1,1
URS000075A661_9606_1-67_RF03528,67,1,1,1
URS000075B201_9606_1-68_RF03548,68,1,1,1
URS000075B15D_9606_1-91_RF03556,91,1,1,1
URS000075CA16_9606_10-92_RF03558,83,1,1,1
URS000075B286_9606_6-68_RF03560,63,1,1,1
URS000075B704_9606_1-63_RF03560,63,1,1,1
URS000075D475_9606_1-101_RF03565,101,1,1,1
URS000075DC59_9606_1-74_RF03569,74,1,1,1
URS000075D294_9606_1-74_RF03569,74,1,1,1
URS000075D7A1_9606_6-79_RF03576,74,1,1,1
URS000075C91E_9606_1-74_RF03576,74,1,1,1
URS000075AEE1_9606_14-95_RF03578,82,1,1,1
URS000075C036_9606_1-82_RF03578,82,1,1,1
URS000075E1AC_9606_7-94_RF03585,88,1,1,1
URS000075E4E5_9606_4-83_RF03587,80,1,1,1
URS000075C048_9606_1-59_RF03589,59,1,1,1
URS000075E84D_9606_1-59_RF03589,59,1,1,1
URS000075E1C7_9606_1-78_RF03591,78,1,1,1
URS000075A578_9606_9-90_RF03612,82,1,1,1
URS0000759F8D_9606_1-82_RF03620,82,1,1,1
URS000075CAE4_9606_1-65_RF03623,65,1,1,1
URS000075D52C_9606_8-78_RF03628,71,1,1,1
URS000075CBEE_9606_1-98_RF03629,98,1,1,1
URS000075A706_9606_1-61_RF03638,61,1,1,1
URS000075CDCE_9606_20-89_RF03639,70,1,1,1
URS000075D458_9606_1-76_RF03650,76,1,1,1
URS0000759919_9606_1-77_RF03661,77,1,1,1
URS000075CBE0_9606_2-88_RF03677,87,1,1,1
URS000075C2E2_9606_1-78_RF03681,78,1,1,1
URS0000759CA1_9606_10-100_RF03682,91,1,1,1
URS000075ADBF_9606_3-84_RF03698,82,1,1,1
URS000075D590_9606_1-83_RF03703,83,1,1,1
URS000075EC50_9606_9-91_RF03703,83,1,1,1
URS0000759994_9606_2-78_RF03705,77,1,1,1
URS0000759AAD_9606_1-85_RF03717,85,1,1,1
URS000075ABBB_9606_1-85_RF03717,85,1,1,1
URS000075A34C_9606_3-97_RF03719,95,1,1,1
URS000075A8BD_9606_1-95_RF03719,95,1,1,1
URS000075A05B_9606_1-78_RF03734,78,1,1,1
URS000075B261_9606_1-78_RF03734,78,1,1,1
URS000075E216_9606_1-75_RF03736,75,1,1,1
URS000075A1BE_9606_1-75_RF03736,75,1,1,1
URS000075CE31_9606_1-78_RF03739,78,1,1,1
URS000075C577_9606_1-56_RF03740,56,1,1,1
URS000075BDCE_9606_1-98_RF03741,98,1,1,1
URS00007A41D7_9606_1-88_RF03747,88,1,1,1
URS000079DB12_9606_1-88_RF03747,88,1,1,1
URS000075E6EF_9606_4-71_RF03754,68,1,1,1
URS000075BAE4_9606_1-68_RF03754,68,1,1,1
URS000075B0C4_9606_9-94_RF03764,86,1,1,1
URS000075C9CE_9606_16-71_RF03766,56,1,1,1
URS000075B877_9606_1-56_RF03766,56,1,1,1
URS000075D010_9606_2-101_RF03769,100,1,1,1
URS000075D18D_9606_1-100_RF03769,100,1,1,1
URS000060875E_9606_1-75_RF03774,75,1,1,1
URS000018B0EE_9606_1-76_RF03778,76,1,1,1
URS000075EBFC_9606_1-69_RF03781,69,1,1,1
URS000075BC45_9606_16-99_RF03781,84,1,1,1
URS0000759DAE_9606_7-90_RF03782,84,1,1,1
URS000075F0CA_9606_1-87_RF03791,87,1,1,1
URS000075E36E_9606_2-80_RF03799,79,1,1,1
URS000075E924_9606_1-79_RF03799,79,1,1,1
URS000075D133_9606_1-81_RF03800,81,1,1,1
URS000075D6EB_9606_1-81_RF03800,81,1,1,1
URS000075D682_9606_2-85_RF03809,84,1,1,1
URS000075DA8E_9606_1-117_RF03829,117,1,1,1
URS00007599E2_9606_1-87_RF03831,87,1,1,1
URS000075C556_9606_1-68_RF03834,68,1,1,1
URS000075E93A_9606_1-82_RF03837,82,1,1,1
URS000075BCCE_9606_1-66_RF03840,66,1,1,1
URS0000759B54_9606_3-78_RF03844,76,1,1,1
URS000075D085_9606_1-76_RF03844,76,1,1,1
URS000075E30A_9606_1-58_RF03847,58,1,1,1
URS000075D59C_9606_8-82_RF03852,75,1,1,1
URS000075992D_9606_1-76_RF03857,76,1,1,1
URS000075C834_9606_1-94_RF03859,94,1,1,1
URS000075AD55_9606_1-83_RF03861,83,1,1,1
URS000075ADAC_9606_1-72_RF03863,72,1,1,1
URS000075D606_9606_8-67_RF03871,60,1,1,1
URS000075ECB3_9606_1-60_RF03871,60,1,1,1
URS000075AD8F_9606_1-77_RF03873,77,1,1,1
URS000075E234_9606_1-102_RF03877,102,1,1,1
URS000075E12E_9606_3-83_RF03888,81,1,1,1
URS000075D29F_9606_1-81_RF03888,81,1,1,1
URS000075DB0F_9606_1-80_RF03889,80,1,1,1
URS000075D852_9606_1-80_RF03889,80,1,1,1
URS0000759D84_9606_2-87_RF03906,86,1,1,1
URS000075B20A_9606_1-86_RF03906,86,1,1,1
URS000075DF09_9606_1-73_RF03907,73,1,1,1
URS000075EEF1_9606_1-80_RF03911,80,1,1,1
URS000075E10B_9606_5-77_RF03912,73,1,1,1
URS000075DE1D_9606_1-73_RF03912,73,1,1,1
URS000075B0DE_9606_1-66_RF03917,66,1,1,1
URS000075D5D5_9606_1-73_RF03924,73,1,1,1
URS000075A0BB_9606_5-76_RF03930,72,1,1,1
URS000075B8C2_9606_1-67_RF03938,67,1,1,1
URS000075C227_9606_8-74_RF03938,67,1,1,1
URS000075F122_9606_1-81_RF03941,81,1,1,1
URS000075F0B6_9606_1-81_RF03941,81,1,1,1
URS000075D91F_9606_1-91_RF03944,91,1,1,1
URS000075E739_9606_1-75_RF03946,75,1,1,1
URS000075ABB5_9606_1-100_RF03947,100,1,1,1
URS000075E4AE_9606_1-83_RF03967,83,1,1,1
URS0000759951_9606_13-84_RF03969,72,1,1,1
URS000075C3A0_9606_1-80_RF03972,80,1,1,1
URS000075A34F_9606_4-83_RF03972,80,1,1,1
URS000075B86F_9606_11-100_RF03978,90,1,1,1
URS000075BCC5_9606_13-95_RF04053,83,1,1,1
URS000075D018_9606_4-80_RF04053,77,1,1,1
URS000015F70F_9606_1-81_RF04053,81,1,1,1
URS000075992E_9606_1-82_RF04055,82,1,1,1
URS000075B8A9_9606_28-97_RF04066,70,1,1,1
URS000075F124_9606_1-70_RF04067,70,1,1,1
URS000075E5DC_9606_1-54_RF04067,54,1,1,1
URS000075A05C_9606_1-71_RF04068,71,1,1,1
URS000075B871_9606_5-104_RF04074,100,1,1,1
URS000075F01A_9606_2-70_RF04077,69,1,1,1
URS000075AA79_9606_1-69_RF04077,69,1,1,1
URS000075DA19_9606_2-76_RF04080,75,1,1,1
URS000075B3FD_9606_5-90_RF04084,86,1,1,1
URS000075C9F1_9606_5-81_RF04085,77,1,1,1
URS000075C7DE_9606_1-81_RF04096,81,1,1,1
URS0000759BCF_9606_10-90_RF04096,81,1,1,1
URS000075C9D6_9606_1-89_RF04100,89,1,1,1
URS000075A4E1_9606_1-75_RF04105,75,1,1,1
URS000075BAB0_9606_1-86_RF04106,86,1,1,1
URS000075B9BC_9606_1-83_RF04109,83,1,1,1
URS000075ADF6_9606_3-105_RF04115,103,1,1,1
URS000075D83B_9606_29-119_RF04121,91,1,1,1
URS000075B3E2_9606_9-97_RF04121,89,1,1,1
URS000075D2B1_9606_1-67_RF04122,67,1,1,1
URS000075DB87_9606_1-76_RF04123,76,1,1,1
URS000075B423_9606_4-88_RF04132,85,1,1,1
URS000075BFC5_9606_1-85_RF04132,85,1,1,1
URS000075BF5A_9606_1-75_RF04140,75,1,1,1
URS000078ED7D_9606_1-76_RF04140,76,1,1,1
URS000075D629_9606_1-83_RF04142,83,1,1,1
URS000075DC2B_9606_1-85_RF04146,85,1,1,1
URS000075BA45_9606_1-88_RF04152,88,1,1,1
URS000075AF7D_9606_1-78_RF04154,78,1,1,1
URS000075AF78_9606_2-94_RF04158,93,1,1,1
URS000075CA84_9606_4-90_RF04161,87,1,1,1
URS000075C973_9606_1-87_RF04161,87,1,1,1
URS000075C899_9606_1-96_RF04166,96,1,1,1
URS000075BB4D_9606_1-77_RF04167,77,1,1,1
URS000075D3EA_9606_3-83_RF04167,81,1,1,1
URS0000759BF7_9606_1-89_RF04175,89,1,1,1
URS000079A8E5_9606_1-83_RF04176,83,1,1,1
URS000075B85A_9606_7-88_RF04216,82,1,1,1
URS000075D902_9606_7-88_RF04216,82,1,1,1
URS000075B370_9606_1-75_RF04216,75,1,1,1
URS000075E537_9606_9-90_RF04216,82,1,1,1
URS000075B438_9606_4-85_RF04216,82,1,1,1
URS000075EFA3_9606_1-74_RF04216,74,1,1,1
URS000075B7D5_9606_1-80_RF04216,80,1,1,1
URS000075A3FD_9606_1-66_RF04217,66,1,1,1
URS000075B442_9606_8-75_RF04236,68,1,1,1
URS000075A68E_9606_16-76_RF04236,61,1,1,1
URS000075E4B7_9606_1-75_RF04239,75,1,1,1
URS000075CD7E_9606_2-76_RF04239,75,1,1,1
URS000075BB93_9606_1-84_RF04240,84,1,1,1
URS000075C015_9606_3-74_RF04265,72,1,1,1
URS000075A1A6_9606_1-65_RF04267,65,1,1,1
URS000075BF4B_9606_1-69_RF04269,69,1,1,1
URS000075C9F0_9606_1-75_RF04270,75,1,1,1
URS000075BB1F_9606_2-85_RF04271,84,1,1,1
URS000075D69C_9606_1-52_RF04277,52,1,1,1
URS0000759C52_9606_1-74_RF04280,74,1,1,1
URS000075C34B_9606_1-75_RF04280,75,1,1,1
URS000075A116_9606_1-75_RF04280,75,1,1,1
URS0000759FDD_9606_1-75_RF04280,75,1,1,1
URS000075B543_9606_6-87_RF04282,82,1,1,1
URS000075C79A_9606_13-94_RF04282,82,1,1,1
URS000075BB61_9606_10-70_RF04283,61,1,1,1
URS000075A910_9606_1-68_RF04283,68,1,1,1
URS00007B250F_9606_11-85_RF04284,75,1,1,1
URS000075D69B_9606_5-80_RF04285,76,1,1,1
URS000075DF42_9606_23-104_RF04286,82,1,1,1
URS000075E43A_9606_24-105_RF04286,82,1,1,1
URS000075A3A1_9606_1-82_RF04286,82,1,1,1
URS000075C5E7_9606_1-82_RF04286,82,1,1,1
URS000075B597_9606_6-88_RF04290,83,1,1,1
URS000075B4B1_9606_1-68_RF04291,68,1,1,1
URS00006E23D8_9606_5-76_RF04291,72,1,1,1
URS000075A7C0_9606_17-88_RF04291,72,1,1,1
URS000075AAAD_9606_1-66_RF04291,66,1,1,1
URS000075D37E_9606_1-61_RF04292,61,1,1,1
URS000075EEE5_9606_1-67_RF04292,67,1,1,1
URS0000759C2D_9606_11-74_RF04292,64,1,1,1
URS000075DEC1_9606_12-75_RF04292,64,1,1,1
URS000075D4A4_9606_1-79_RF04293,79,1,1,1
URS0000668584_9606_1-80_RF04295,80,1,1,1
URS000075D4D9_9606_3-82_RF04295,80,1,1,1
URS000075C517_9606_2-81_RF04295,80,1,1,1
URS000075CC43_9606_1-78_RF04295,78,1,1,1
URS000075D081_9606_1-73_RF04296,73,1,1,1
URS000075DF7E_9606_22-102_RF04302,81,1,1,1
